,cash,asset_value,total_assets,reward,date
0,4000000.0,0.0,4000000.0,0.0,2021-04-07 01:00:00
1,3270080.45,729853.8,3999934.25,0.0,2021-04-07 02:00:00
2,2542031.1,1458360.75,4000391.85,-8.218750000010822e-06,2021-04-07 03:00:00
3,1850896.7000000002,2149240.05,4000136.75,3.265416666664578e-05,2021-04-07 04:00:00
4,1146549.6000000003,2853666.6,4000216.2,8.546875000015053e-06,2021-04-07 05:00:00
5,439506.00000000035,3559562.0,3999068.0000000005,1.0810000000027742e-05,2021-04-07 06:00:00
6,439506.00000000035,3557714.25,3997220.2500000005,-0.015051649999999972,2021-04-07 07:00:00
7,439506.00000000035,3561375.65,4000881.6500000004,-0.012954207142857126,2021-04-07 08:00:00
8,439506.00000000035,3563027.8000000003,4002533.8000000007,-0.011243396249999982,2021-04-07 09:00:00
9,439506.00000000035,3563956.95,4003462.9500000007,-0.009957415555555528,2021-04-07 10:00:00
10,439506.00000000035,3563072.8,4002578.8000000003,-0.008943090999999981,2021-04-07 11:00:00
11,439506.00000000035,3562955.45,4002461.4500000007,-0.008146158181818165,2021-04-07 12:00:00
12,439506.00000000035,3559764.25,3999270.2500000005,-0.007469267499999978,2021-04-07 13:00:00
13,439506.00000000035,3557750.45,3997256.4500000007,-0.0069438038461538355,2021-04-07 14:00:00
14,439506.00000000035,3559388.3499999996,3998894.35,-0.006476586428571407,2021-04-07 15:00:00
15,439506.00000000035,3558029.45,3997535.4500000007,-0.006022975333333329,2021-04-07 16:00:00
16,439506.00000000035,3557804.65,3997310.6500000004,-0.005663525624999985,2021-04-07 17:00:00
17,439506.00000000035,3557945.65,3997451.6500000004,-0.0053330217647058736,2021-04-07 18:00:00
18,439506.00000000035,3559209.4,3998715.4000000004,-0.005035176111111101,2021-04-07 19:00:00
19,439506.00000000035,3559284.5,3998790.5000000005,-0.004756864210526305,2021-04-07 20:00:00
20,439506.00000000035,3558260.2,3997766.2000000007,-0.004518269999999991,2021-04-07 21:00:00
21,439506.00000000035,3558851.4000000004,3998357.400000001,-0.0043128695238095136,2021-04-07 22:00:00
22,439506.00000000035,3559008.4000000004,3998514.400000001,-0.004111455454545443,2021-04-07 23:00:00
23,439506.00000000035,3558964.8,3998470.8000000003,-0.003931331304347814,2021-04-08 00:00:00
24,439506.00000000035,3559333.95,3998839.9500000007,-0.0037678891666666583,2021-04-08 01:00:00
25,439506.00000000035,3559385.55,3998891.5500000003,-0.00361422039999999,2021-04-08 02:00:00
26,439506.00000000035,3559458.4000000004,3998964.400000001,-0.0034748149999999944,2021-04-08 03:00:00
27,439506.00000000035,3559080.3,3998586.3000000003,-0.003345578518518511,2021-04-08 04:00:00
28,439506.00000000035,3558116.6999999997,3997622.7,-0.003228794285714281,2021-04-08 05:00:00
29,439506.00000000035,3557117.35,3996623.3500000006,-0.0031241020689655136,2021-04-08 06:00:00
30,439506.00000000035,3557756.6,3997262.6000000006,-0.003026627666666663,2021-04-08 07:00:00
31,439506.00000000035,3557590.7,3997096.7000000007,-0.0029248703225806367,2021-04-08 08:00:00
32,439506.00000000035,3554698.45,3994204.4500000007,-0.002834504999999994,2021-04-08 09:00:00
33,439506.00000000035,3555147.8000000003,3994653.8000000007,-0.002766139696969688,2021-04-08 10:00:00
34,439506.00000000035,3554299.5,3993805.5000000005,-0.002682139411764699,2021-04-08 11:00:00
35,439506.00000000035,3554342.2,3993848.2000000007,-0.0026103542857142813,2021-04-08 12:00:00
36,439506.00000000035,3553837.4,3993343.4000000004,-0.002537607222222216,2021-04-08 13:00:00
37,439506.00000000035,3551863.8499999996,3991369.85,-0.002471751891891887,2021-04-08 14:00:00
38,439506.00000000035,3551466.05,3990972.0500000003,-0.002417092894736841,2021-04-08 15:00:00
39,439506.00000000035,3552024.0,3991530.0000000005,-0.0023571561538461494,2021-04-08 16:00:00
40,439506.00000000035,3550733.05,3990239.0500000003,-0.0022954374999999945,2021-04-08 17:00:00
41,439506.00000000035,3550944.8000000003,3990450.8000000007,-0.0022457485365853613,2021-04-08 18:00:00
42,439506.00000000035,3550344.2,3989850.2000000007,-0.002191269999999994,2021-04-08 19:00:00
43,439506.00000000035,3550284.8499999996,3989790.85,-0.002143103720930225,2021-04-08 20:00:00
44,439506.00000000035,3550085.8499999996,3989591.85,-0.002094666590909087,2021-04-08 21:00:00
45,439506.00000000035,3550267.5,3989773.5000000005,-0.0020490028888888855,2021-04-08 22:00:00
46,439506.00000000035,3549495.1,3989001.1000000006,-0.0020036695652173877,2021-04-08 23:00:00
47,439506.00000000035,3549391.7,3988897.7000000007,-0.0019643251063829743,2021-04-09 00:00:00
48,439506.00000000035,3550103.9,3989609.9000000004,-0.0019238324999999955,2021-04-09 01:00:00
49,439506.00000000035,3551501.5,3991007.5000000005,-0.001881663673469384,2021-04-09 02:00:00
50,439506.00000000035,3552018.25,3991524.2500000005,-0.0018384399999999946,2021-04-09 03:00:00
51,439506.00000000035,3551228.45,3990734.4500000007,-0.0018003656862745055,2021-04-09 04:00:00
52,439506.00000000035,3551750.5,3991256.5000000005,-0.0017687809615384575,2021-04-09 05:00:00
53,439506.00000000035,3551751.95,3991257.9500000007,-0.0017334377358490538,2021-04-09 06:00:00
54,439506.00000000035,3551589.3,3991095.3000000003,-0.0017013316666666637,2021-04-09 07:00:00
55,439506.00000000035,3551379.85,3990885.8500000006,-0.0016709898181818158,2021-04-09 08:00:00
56,439506.00000000035,3551272.1500000004,3990778.150000001,-0.0016418987499999974,2021-04-09 09:00:00
57,439506.00000000035,3551002.8000000003,3990508.8000000007,-0.0016134714035087672,2021-04-09 10:00:00
58,439506.00000000035,3549368.55,3988874.5500000003,-0.0015865817241379266,2021-04-09 11:00:00
59,439506.00000000035,3549704.7,3989210.7000000007,-0.0015652303389830481,2021-04-09 12:00:00
60,439506.00000000035,3552061.3499999996,3991567.35,-0.0015380226666666626,2021-04-09 13:00:00
61,439506.00000000035,3552774.9499999997,3992280.95,-0.0015050824590163913,2021-04-09 14:00:00
62,439506.00000000035,3551159.05,3990665.0500000003,-0.0014785049999999974,2021-04-09 15:00:00
63,439506.00000000035,3550817.05,3990323.0500000003,-0.0014601665079365068,2021-04-09 16:00:00
64,439506.00000000035,3551835.8000000003,3991341.8000000007,-0.0014384201562499983,2021-04-09 17:00:00
65,439506.00000000035,3551480.8,3990986.8000000003,-0.0014131559999999974,2021-04-09 18:00:00
66,439506.00000000035,3551024.8499999996,3990530.85,-0.0013928203030303013,2021-04-09 19:00:00
67,439506.00000000035,3549705.85,3989211.8500000006,-0.0013733929850746236,2021-04-09 20:00:00
68,439506.00000000035,3550955.5500000003,3990461.5500000007,-0.0013570754411764679,2021-04-11 20:00:00
69,439506.00000000035,3552435.3000000003,3991941.3000000007,-0.0013337853623188363,2021-04-11 21:00:00
70,439506.00000000035,3551125.2,3990631.2000000007,-0.0013105034285714253,2021-04-11 22:00:00
71,439506.00000000035,3551238.3499999996,3990744.35,-0.0012957360563380245,2021-04-11 23:00:00
72,439506.00000000035,3551169.8,3990675.8000000003,-0.0012774254166666643,2021-04-12 00:00:00
73,439506.00000000035,3552367.55,3991873.5500000003,-0.001260114246575341,2021-04-12 01:00:00
74,439506.00000000035,3552128.95,3991634.9500000007,-0.0012398485135135108,2021-04-12 02:00:00
75,439506.00000000035,3551343.5,3990849.5000000005,-0.0012239534666666637,2021-04-12 03:00:00
76,439506.00000000035,3550196.2,3989702.2000000007,-0.0012099157894736824,2021-04-12 04:00:00
77,439506.00000000035,3550102.8,3989608.8000000003,-0.0011971825974025957,2021-04-12 05:00:00
78,439506.00000000035,3551158.85,3990664.8500000006,-0.0011820735897435887,2021-04-12 06:00:00
79,439506.00000000035,3551480.55,3990986.5500000003,-0.0011644370886075923,2021-04-12 07:00:00
80,439506.00000000035,3552032.6500000004,3991538.650000001,-0.0011490773749999975,2021-04-12 08:00:00
81,439506.00000000035,3553880.5500000003,3993386.5500000007,-0.0011335280246913548,2021-04-12 09:00:00
82,439506.00000000035,3551941.75,3991447.7500000005,-0.0011151974390243872,2021-04-12 10:00:00
83,439506.00000000035,3554079.1500000004,3993585.150000001,-0.0011064331325301184,2021-04-12 11:00:00
84,439506.00000000035,3554024.4000000004,3993530.400000001,-0.0010881722619047582,2021-04-12 12:00:00
85,439506.00000000035,3555231.4000000004,3994737.400000001,-0.0010754990588235252,2021-04-12 13:00:00
86,439506.00000000035,3554965.1,3994471.1000000006,-0.0010601862790697652,2021-04-12 14:00:00
87,439506.00000000035,3553012.1,3992518.1000000006,-0.0010486124137931005,2021-04-12 15:00:00
88,439506.00000000035,3553897.9,3993403.9000000004,-0.0010411349999999973,2021-04-12 16:00:00
89,439506.00000000035,3553130.0999999996,3992636.1,-0.00102744629213483,2021-04-12 17:00:00
90,439506.00000000035,3553439.35,3992945.3500000006,-0.0010177364444444428,2021-04-12 18:00:00
91,439506.00000000035,3554212.65,3993718.6500000004,-0.0010058728571428553,2021-04-12 19:00:00
92,439506.00000000035,3553885.4,3993391.4000000004,-0.0009932583695652147,2021-04-12 20:00:00
93,439506.00000000035,3553363.0,3992869.0000000005,-0.0009832819354838698,2021-04-12 21:00:00
94,439506.00000000035,3553659.1500000004,3993165.150000001,-0.0009739329787234026,2021-04-12 22:00:00
95,439506.00000000035,3553834.9,3993340.9000000004,-0.000963057578947366,2021-04-12 23:00:00
96,439506.00000000035,3554411.8,3993917.8000000003,-0.0009526595833333311,2021-04-13 00:00:00
97,439506.00000000035,3556491.1500000004,3995997.150000001,-0.0009416488659793793,2021-04-13 01:00:00
98,439506.00000000035,3556308.85,3995814.8500000006,-0.000927796632653058,2021-04-13 02:00:00
99,439506.00000000035,3555615.95,3995121.9500000007,-0.0009187932323232305,2021-04-13 03:00:00
100,439506.00000000035,3556197.3000000003,3995703.3000000007,-0.0009109910999999971,2021-04-13 04:00:00
101,439506.00000000035,3556073.5999999996,3995579.6,-0.0009008201980197999,2021-04-13 05:00:00
102,439506.00000000035,3556542.45,3996048.4500000007,-0.0008922311764705869,2021-04-13 06:00:00
103,439506.00000000035,3556791.55,3996297.5500000003,-0.0008826583495145619,2021-04-13 07:00:00
104,439506.00000000035,3557236.6500000004,3996742.650000001,-0.0008736922115384605,2021-04-13 08:00:00
105,439506.00000000035,3555186.25,3994692.2500000005,-0.0008645235238095218,2021-04-13 09:00:00
106,439506.00000000035,3556574.4,3996080.4000000004,-0.0008602363207547148,2021-04-13 10:00:00
107,439506.00000000035,3554644.55,3994150.5500000003,-0.0008496020560747649,2021-04-13 11:00:00
108,439506.00000000035,3554385.65,3993891.6500000004,-0.000845309166666666,2021-04-13 12:00:00
109,439506.00000000035,3553323.0,3992829.0000000005,-0.0008380290825688061,2021-04-13 13:00:00
110,439506.00000000035,3555160.0500000003,3994666.0500000007,-0.0008323427272727259,2021-04-13 14:00:00
111,439506.00000000035,3553542.3000000003,3993048.3000000007,-0.0008215341441441422,2021-04-13 15:00:00
112,439506.00000000035,3553557.95,3993063.9500000007,-0.0008170878571428548,2021-04-13 16:00:00
113,439506.00000000035,3552538.4000000004,3992044.400000001,-0.0008098292920353963,2021-04-13 17:00:00
114,439506.00000000035,3552263.15,3991769.1500000004,-0.0008045142105263136,2021-04-13 18:00:00
115,439506.00000000035,3552141.5,3991647.5000000005,-0.0007979971304347809,2021-04-13 19:00:00
116,439506.00000000035,3551671.6500000004,3991177.650000001,-0.000791327586206895,2021-04-13 20:00:00
117,439506.00000000035,3552406.5,3991912.5000000005,-0.0007853672649572624,2021-04-13 21:00:00
118,439506.00000000035,3552273.6,3991779.6000000006,-0.000777466101694913,2021-04-13 22:00:00
119,439506.00000000035,3552627.8499999996,3992133.85,-0.0007711561344537802,2021-04-13 23:00:00
120,439506.00000000035,3551848.85,3991354.8500000006,-0.0007641394166666657,2021-04-14 00:00:00
121,439506.00000000035,3551587.25,3991093.2500000005,-0.0007591118181818167,2021-04-14 01:00:00
122,439506.00000000035,3552116.25,3991622.2500000005,-0.0007533184426229494,2021-04-14 02:00:00
123,439506.00000000035,3549295.3000000003,3988801.3000000007,-0.0007463337398373965,2021-04-14 03:00:00
124,439506.00000000035,3549141.5999999996,3988647.6,-0.0007448648387096753,2021-04-14 04:00:00
125,439506.00000000035,3548942.0,3988448.0000000005,-0.000739151839999999,2021-04-14 05:00:00
126,439506.00000000035,3548618.0,3988124.0000000005,-0.0007336023809523789,2021-04-14 06:00:00
127,439506.00000000035,3549659.3,3989165.3000000003,-0.0007283362204724396,2021-04-14 07:00:00
128,439506.00000000035,3549088.25,3988594.2500000005,-0.0007210190624999989,2021-04-14 08:00:00
129,439506.00000000035,3546811.0999999996,3986317.1,-0.0007163151162790679,2021-04-14 09:00:00
130,439506.00000000035,3546406.9,3985912.9000000004,-0.0007143083076923061,2021-04-14 10:00:00
131,439506.00000000035,3545628.6,3985134.6000000006,-0.0007094726717557234,2021-04-14 11:00:00
132,439506.00000000035,3545764.5,3985270.5000000005,-0.0007052771212121202,2021-04-14 12:00:00
133,439506.00000000035,3545581.55,3985087.5500000003,-0.0006997699248120282,2021-04-14 13:00:00
134,439506.00000000035,3546597.5,3986103.5000000005,-0.0006948208208955213,2021-04-14 14:00:00
135,439506.00000000035,3544372.1,3983878.1000000006,-0.0006881688888888877,2021-04-14 15:00:00
136,439506.00000000035,3544162.9499999997,3983668.95,-0.0006863814705882332,2021-04-14 16:00:00
137,439506.00000000035,3545113.0999999996,3984619.1,-0.000681676715328466,2021-04-14 17:00:00
138,439506.00000000035,3545028.7,3984534.7000000007,-0.0006753599999999992,2021-04-14 18:00:00
139,439506.00000000035,3544563.5,3984069.5000000005,-0.0006706227338129481,2021-04-14 19:00:00
140,439506.00000000035,3544337.75,3983843.7500000005,-0.000666497142857142,2021-04-14 20:00:00
141,439506.00000000035,3544704.9,3984210.9000000004,-0.0006620904255319136,2021-04-14 21:00:00
142,439506.00000000035,3545266.7,3984772.7000000007,-0.0006569107042253506,2021-04-14 22:00:00
143,439506.00000000035,3544902.4000000004,3984408.400000001,-0.0006515311888111871,2021-04-14 23:00:00
144,439506.00000000035,3545280.7,3984786.7000000007,-0.0006475126388888868,2021-04-15 00:00:00
145,439506.00000000035,3544259.0,3983765.0000000005,-0.0006425252413793088,2021-04-15 05:00:00
146,439506.00000000035,3544105.3,3983611.3000000003,-0.0006395239726027384,2021-04-15 06:00:00
147,439506.00000000035,3542386.7,3981892.7000000007,-0.0006353825850340124,2021-04-15 07:00:00
148,439506.00000000035,3540647.95,3980153.9500000007,-0.0006334118918918903,2021-04-15 08:00:00
149,439506.00000000035,3539520.85,3979026.8500000006,-0.0006314946979865755,2021-04-15 09:00:00
150,439506.00000000035,3540361.25,3979867.2500000005,-0.0006287875333333318,2021-04-15 10:00:00
151,439506.00000000035,3540293.55,3979799.5500000003,-0.0006235102649006607,2021-04-15 11:00:00
152,439506.00000000035,3541897.3,3981403.3000000003,-0.000619497302631578,2021-04-15 12:00:00
153,439506.00000000035,3542117.1,3981623.1000000006,-0.0006133518954248358,2021-04-15 13:00:00
154,439506.00000000035,3540387.7,3979893.7000000007,-0.0006090836363636351,2021-04-15 14:00:00
155,439506.00000000035,3539724.25,3979230.2500000005,-0.0006073855483870956,2021-04-15 15:00:00
156,439506.00000000035,3539639.2,3979145.2000000007,-0.0006043426282051274,2021-04-15 16:00:00
157,439506.00000000035,3539369.0999999996,3978875.1,-0.0006006016560509538,2021-04-15 17:00:00
158,439506.00000000035,3539247.6,3978753.6000000006,-0.0005971422784810116,2021-04-15 18:00:00
159,439506.00000000035,3538920.9,3978426.9000000004,-0.0005935394968553448,2021-04-15 19:00:00
160,439506.00000000035,3538354.8000000003,3977860.8000000007,-0.0005902382499999991,2021-04-15 20:00:00
161,439506.00000000035,3539665.85,3979171.8500000006,-0.0005872754037267066,2021-04-15 21:00:00
162,439506.00000000035,3538890.0,3978396.0000000005,-0.0005820316666666649,2021-04-15 22:00:00
163,439506.00000000035,3538309.4,3977815.4000000004,-0.0005794128834355817,2021-04-15 23:00:00
164,439506.00000000035,3538298.5999999996,3977804.6,-0.0005765879268292668,2021-04-16 00:00:00
165,439506.00000000035,3538752.9,3978258.9000000004,-0.0005731065454545445,2021-04-16 01:00:00
166,439506.00000000035,3538433.75,3977939.7500000005,-0.0005691067469879507,2021-04-16 02:00:00
167,439506.00000000035,3538766.6,3978272.6000000006,-0.0005660811377245497,2021-04-16 03:00:00
168,439506.00000000035,3538143.65,3977649.6500000004,-0.0005623153571428554,2021-04-16 04:00:00
169,439506.00000000035,3538541.2,3978047.2000000007,-0.0005597252662721882,2021-04-16 05:00:00
170,439506.00000000035,3537480.2,3976986.2000000007,-0.0005559650588235285,2021-04-16 06:00:00
171,439506.00000000035,3535498.05,3975004.0500000003,-0.0005539547368421037,2021-04-16 07:00:00
172,439506.00000000035,3535894.8,3975400.8000000003,-0.0005530388953488362,2021-04-16 08:00:00
173,439506.00000000035,3536633.9,3976139.9000000004,-0.0005493834682080914,2021-04-16 09:00:00
174,439506.00000000035,3538339.2,3977845.2000000007,-0.0005453765517241367,2021-04-16 10:00:00
175,439506.00000000035,3538433.25,3977939.2500000005,-0.0005403111999999988,2021-04-16 11:00:00
176,439506.00000000035,3539008.0,3978514.0000000005,-0.0005371343749999986,2021-04-16 12:00:00
177,439506.00000000035,3541475.1,3980981.1000000006,-0.0005334502824858746,2021-04-16 13:00:00
178,439506.00000000035,3542460.25,3981966.2500000005,-0.0005276813483146058,2021-04-16 14:00:00
179,439506.00000000035,3544808.05,3984314.0500000003,-0.0005236326815642446,2021-04-16 15:00:00
180,439506.00000000035,3546376.65,3985882.6500000004,-0.0005181149444444434,2021-04-16 16:00:00
181,439506.00000000035,3545869.8499999996,3985375.85,-0.0005135191712707174,2021-04-16 17:00:00
182,439506.00000000035,3546844.9,3986350.9000000004,-0.0005112545604395593,2021-04-16 18:00:00
183,439506.00000000035,3546354.7,3985860.7000000007,-0.0005073951912568295,2021-04-16 19:00:00
184,439506.00000000035,3547133.3000000003,3986639.3000000007,-0.000505170434782607,2021-04-16 20:00:00
185,439506.00000000035,3546630.95,3986136.9500000007,-0.0005015980540540526,2021-04-18 19:00:00
186,439506.00000000035,3544492.9,3983998.9000000004,-0.0004994414516129019,2021-04-18 20:00:00
187,439506.00000000035,3547751.5999999996,3987257.6,-0.0004990573262032079,2021-04-18 21:00:00
188,439506.00000000035,3547325.95,3986831.9500000007,-0.0004929360638297865,2021-04-18 22:00:00
189,439506.00000000035,3547895.55,3987401.5500000003,-0.0004907783597883585,2021-04-18 23:00:00
190,439506.00000000035,3547467.55,3986973.5500000003,-0.0004875957368421046,2021-04-19 00:00:00
191,439506.00000000035,3546725.3000000003,3986231.3000000007,-0.0004854910471204177,2021-04-19 01:00:00
192,439506.00000000035,3545300.8,3984806.8000000003,-0.0004837356249999987,2021-04-19 02:00:00
193,439506.00000000035,3545500.6500000004,3985006.650000001,-0.00048270538860103573,2021-04-19 03:00:00
194,439506.00000000035,3546366.0999999996,3985872.1,-0.0004800111855670086,2021-04-19 04:00:00
195,439506.00000000035,3547207.95,3986713.9500000007,-0.00047666194871794765,2021-04-19 05:00:00
196,439506.00000000035,3546844.3,3986350.3000000003,-0.0004733709693877539,2021-04-19 06:00:00
197,439506.00000000035,3546714.4,3986220.4000000004,-0.00047133725888324796,2021-04-19 07:00:00
198,439506.00000000035,3545453.4,3984959.4000000004,-0.0004690879797979789,2021-04-19 08:00:00
199,439506.00000000035,3541496.3499999996,3981002.35,-0.0004679980904522606,2021-04-19 09:00:00
200,439506.00000000035,3543330.85,3982836.8500000006,-0.00046961514999999956,2021-04-19 10:00:00
201,439506.00000000035,3545285.4,3984791.4000000004,-0.0004654533830845758,2021-04-19 11:00:00
202,439506.00000000035,3546951.7,3986457.7000000007,-0.00046121396039603877,2021-04-19 12:00:00
203,439506.00000000035,3550061.2,3989567.2000000007,-0.00045730029556650107,2021-04-19 13:00:00
204,439506.00000000035,3550205.05,3989711.0500000003,-0.00045201009803921507,2021-04-19 14:00:00
205,439506.00000000035,3552777.45,3992283.4500000007,-0.00044966482926829147,2021-04-19 15:00:00
206,439506.00000000035,3554762.25,3994268.2500000005,-0.0004449845145631062,2021-04-19 16:00:00
207,439506.00000000035,3555757.75,3995263.7500000005,-0.0004409171497584535,2021-04-19 17:00:00
208,439506.00000000035,3554976.45,3994482.4500000007,-0.00043784014423076806,2021-04-19 18:00:00
209,439506.00000000035,3554780.0,3994286.0000000005,-0.0004364928708133961,2021-04-19 19:00:00
210,439506.00000000035,3555310.8499999996,3994816.85,-0.0004346014285714276,2021-04-19 20:00:00
211,439506.00000000035,3554436.35,3993942.3500000006,-0.0004320385308056867,2021-04-19 21:00:00
212,439506.00000000035,3555387.3,3994893.3000000003,-0.00043082561320754607,2021-04-19 22:00:00
213,439506.00000000035,3554341.9000000004,3993847.900000001,-0.0004279100469483563,2021-04-19 23:00:00
214,439506.00000000035,3554204.85,3993710.8500000006,-0.00042688747663551234,2021-04-20 00:00:00
215,439506.00000000035,3553875.45,3993381.4500000007,-0.0004250294418604643,2021-04-20 01:00:00
216,439506.00000000035,3552778.35,3992284.3500000006,-0.00042336671296296194,2021-04-20 02:00:00
217,439506.00000000035,3552199.2,3991705.2000000007,-0.0004224268663594458,2021-04-20 03:00:00
218,439506.00000000035,3551396.95,3990902.9500000007,-0.00042102045871559484,2021-04-20 04:00:00
219,439506.00000000035,3551925.1,3991431.1000000006,-0.0004198306392694053,2021-04-20 05:00:00
220,439506.00000000035,3552115.25,3991621.2500000005,-0.0004174421818181809,2021-04-20 06:00:00
221,439506.00000000035,3551864.6999999997,3991370.7,-0.000415381221719456,2021-04-20 07:00:00
222,439506.00000000035,3550477.0999999996,3989983.1,-0.0004137358558558553,2021-04-20 08:00:00
223,439506.00000000035,3551102.55,3990608.5500000003,-0.00041312502242152424,2021-04-20 09:00:00
224,439506.00000000035,3553064.05,3992570.0500000003,-0.0004107222767857132,2021-04-20 10:00:00
225,439506.00000000035,3552434.55,3991940.5500000003,-0.00040715328888888823,2021-04-20 11:00:00
226,439506.00000000035,3551168.35,3990674.3500000006,-0.0004059088053097339,2021-04-20 12:00:00
227,439506.00000000035,3550584.3499999996,3990090.35,-0.00040523625550660704,2021-04-20 13:00:00
228,439506.00000000035,3548124.7,3987630.7000000007,-0.000403971184210526,2021-04-20 14:00:00
229,439506.00000000035,3549201.5,3988707.5000000005,-0.00040435528384279363,2021-04-20 15:00:00
230,439506.00000000035,3551968.5,3991474.5000000005,-0.00040166086956521625,2021-04-20 16:00:00
231,439506.00000000035,3552116.3,3991622.3000000003,-0.00039752640692640613,2021-04-20 17:00:00
232,439506.00000000035,3551936.9,3991442.9000000004,-0.0003956855172413786,2021-04-20 18:00:00
233,439506.00000000035,3553392.3499999996,3992898.35,-0.0003941412875536473,2021-04-20 19:00:00
234,439506.00000000035,3552845.7,3992351.7000000007,-0.0003912129487179482,2021-04-20 20:00:00
235,439506.00000000035,3552756.95,3992262.9500000007,-0.00039001344680850977,2021-04-20 21:00:00
236,439506.00000000035,3553265.5999999996,3992771.6,-0.00038843605932203316,2021-04-20 22:00:00
237,439506.00000000035,3552953.6999999997,3992459.7,-0.00038636784810126547,2021-04-20 23:00:00
238,439506.00000000035,3554345.3499999996,3993851.35,-0.00038500655462184803,2021-04-21 00:00:00
239,439506.00000000035,3553184.0,3992690.0000000005,-0.00038223108786610813,2021-04-21 01:00:00
240,439506.00000000035,3553517.85,3993023.8500000006,-0.000381606249999999,2021-04-21 02:00:00
241,439506.00000000035,3552838.25,3992344.2500000005,-0.0003797457676348538,2021-04-21 03:00:00
242,439506.00000000035,3551870.85,3991376.8500000006,-0.0003787382231404952,2021-04-21 04:00:00
243,439506.00000000035,3552876.75,3992382.7500000005,-0.0003779758436213984,2021-04-21 05:00:00
244,439506.00000000035,3552382.25,3991888.2500000005,-0.00037560225409835976,2021-04-21 06:00:00
245,439506.00000000035,3552225.75,3991731.7500000005,-0.0003744728571428568,2021-04-21 07:00:00
246,439506.00000000035,3552023.55,3991529.5500000003,-0.00037307784552845425,2021-04-21 08:00:00
247,439506.00000000035,3552887.75,3992393.7500000005,-0.0003717311336032384,2021-04-21 09:00:00
248,439506.00000000035,3550576.75,3990082.7500000005,-0.0003695352822580634,2021-04-21 10:00:00
249,439506.00000000035,3550522.75,3990028.7500000005,-0.0003699074297188747,2021-04-21 11:00:00
250,439506.00000000035,3549889.3499999996,3989395.35,-0.0003684709999999991,2021-04-21 12:00:00
251,439506.00000000035,3549637.9,3989143.9000000004,-0.0003675076892430276,2021-04-21 13:00:00
252,439506.00000000035,3549343.65,3988849.6500000004,-0.00036624888888888823,2021-04-21 14:00:00
253,439506.00000000035,3547831.5999999996,3987337.6,-0.0003650338735177861,2021-04-21 15:00:00
254,439506.00000000035,3547118.1500000004,3986624.150000001,-0.00036478732283464513,2021-04-21 16:00:00
255,439506.00000000035,3547621.95,3987127.9500000007,-0.00036391635294117503,2021-04-21 17:00:00
256,439506.00000000035,3547552.7,3987058.7000000007,-0.00036210121093749933,2021-04-21 18:00:00
257,439506.00000000035,3547128.45,3986634.4500000007,-0.0003607461478599214,2021-04-21 19:00:00
258,439506.00000000035,3547483.3,3986989.3000000003,-0.0003596767829457354,2021-04-21 20:00:00
259,439506.00000000035,3546910.9,3986416.9000000004,-0.00035801405405405385,2021-04-21 21:00:00
260,439506.00000000035,3548046.6,3987552.6000000006,-0.00035707738461538405,2021-04-21 22:00:00
261,439506.00000000035,3548214.85,3987720.8500000006,-0.0003548390038314166,2021-04-21 23:00:00
262,439506.00000000035,3548477.0,3987983.0000000005,-0.0003533562213740452,2021-04-22 00:00:00
263,439506.00000000035,3548423.65,3987929.6500000004,-0.0003518133079847899,2021-04-22 01:00:00
264,439506.00000000035,3548295.9000000004,3987801.900000001,-0.0003505210984848479,2021-04-22 02:00:00
265,439506.00000000035,3549133.75,3988639.7500000005,-0.00034929479245282937,2021-04-22 03:00:00
266,439506.00000000035,3549716.55,3989222.5500000003,-0.00034735169172932245,2021-04-22 04:00:00
267,439506.00000000035,3549893.1500000004,3989399.150000001,-0.0003456141947565537,2021-04-22 05:00:00
268,439506.00000000035,3550252.6,3989758.6000000006,-0.00034419279850746143,2021-04-22 06:00:00
269,439506.00000000035,3548940.9499999997,3988446.95,-0.000342646022304832,2021-04-22 07:00:00
270,439506.00000000035,3549288.5500000003,3988794.5500000007,-0.0003423485555555552,2021-04-22 08:00:00
271,439506.00000000035,3548131.8,3987637.8000000003,-0.00034082874538745293,2021-04-22 09:00:00
272,439506.00000000035,3548829.25,3988335.2500000005,-0.00034042624999999934,2021-04-22 10:00:00
273,439506.00000000035,3548685.95,3988191.9500000007,-0.0003386683150183143,2021-04-22 11:00:00
274,439506.00000000035,3547937.25,3987443.2500000005,-0.0003375368978102179,2021-04-22 12:00:00
275,439506.00000000035,3548177.25,3987683.2500000005,-0.0003368539999999994,2021-04-22 13:00:00
276,439506.00000000035,3546665.8,3986171.8000000003,-0.00033545960144927496,2021-04-22 14:00:00
277,439506.00000000035,3544947.65,3984453.6500000004,-0.0003353398555956676,2021-04-22 15:00:00
278,439506.00000000035,3546191.8499999996,3985697.85,-0.00033536967625899186,2021-04-22 16:00:00
279,439506.00000000035,3545890.25,3985396.2500000005,-0.00033327573476702485,2021-04-22 17:00:00
280,439506.00000000035,3546024.3,3985530.3000000003,-0.00033230089285714184,2021-04-22 18:00:00
281,439506.00000000035,3546528.3,3986034.3000000003,-0.0003310229181494654,2021-04-22 19:00:00
282,439506.00000000035,3546166.2,3985672.2000000007,-0.00032949163120567335,2021-04-22 20:00:00
283,439506.00000000035,3545710.9,3985216.9000000004,-0.00032858325088339167,2021-04-22 21:00:00
284,439506.00000000035,3546165.0999999996,3985671.1,-0.0003277469014084503,2021-04-22 22:00:00
285,439506.00000000035,3546269.2,3985775.2000000007,-0.0003262781754385963,2021-04-22 23:00:00
286,439506.00000000035,3547040.85,3986546.8500000006,-0.0003250645454545444,2021-04-23 00:00:00
287,439506.00000000035,3546366.0,3985872.0000000005,-0.000323394181184668,2021-04-23 01:00:00
288,439506.00000000035,3546657.55,3986163.5500000003,-0.0003227399305555552,2021-04-23 02:00:00
289,439506.00000000035,3546734.55,3986240.5500000003,-0.00032142141868512033,2021-04-23 03:00:00
290,439506.00000000035,3545573.25,3985079.2500000005,-0.000320259965517241,2021-04-23 04:00:00
291,439506.00000000035,3545457.3000000003,3984963.3000000007,-0.0003199575601374562,2021-04-23 05:00:00
292,439506.00000000035,3545691.85,3985197.8500000006,-0.00031894123287671134,2021-04-23 06:00:00
293,439506.00000000035,3546065.8,3985571.8000000003,-0.00031769259385665467,2021-04-23 07:00:00
294,439506.00000000035,3548521.05,3988027.0500000003,-0.00031635761904761885,2021-04-23 08:00:00
295,439506.00000000035,3548006.95,3987512.9500000007,-0.00031362064406779624,2021-04-23 09:00:00
296,439506.00000000035,3547656.5999999996,3987162.6,-0.0003129084797297292,2021-04-23 10:00:00
297,439506.00000000035,3549647.45,3989153.4500000007,-0.0003120908417508413,2021-04-23 11:00:00
298,439506.00000000035,3548569.5,3988075.5000000005,-0.00030970741610738184,2021-04-23 12:00:00
299,439506.00000000035,3547915.6999999997,3987421.7,-0.00030939264214046767,2021-04-23 13:00:00
300,439506.00000000035,3547702.85,3987208.8500000006,-0.00030879719999999983,2021-04-23 14:00:00
301,439506.00000000035,3547081.4,3986587.4000000004,-0.000307912724252491,2021-04-23 15:00:00
302,439506.00000000035,3545798.65,3985304.6500000004,-0.00030730470198675437,2021-04-23 16:00:00
303,439506.00000000035,3546520.75,3986026.7500000005,-0.0003071371947194714,2021-04-23 17:00:00
304,439506.00000000035,3546697.9000000004,3986203.900000001,-0.00030565180921052567,2021-04-23 18:00:00
305,439506.00000000035,3546310.4,3985816.4000000004,-0.0003045335081967205,2021-04-23 19:00:00
306,439506.00000000035,3547516.2,3987022.2000000007,-0.0003037915686274504,2021-04-23 20:00:00
307,439506.00000000035,3548404.15,3987910.1500000004,-0.0003020164820846901,2021-04-25 19:00:00
308,439506.00000000035,3547771.8499999996,3987277.85,-0.00030045931818181785,2021-04-25 20:00:00
309,439506.00000000035,3547752.05,3987258.0500000003,-0.00029989621359223284,2021-04-25 21:00:00
310,439506.00000000035,3547261.65,3986767.6500000004,-0.00029894158064516086,2021-04-25 22:00:00
311,439506.00000000035,3546978.3000000003,3986484.3000000007,-0.0002982957234726684,2021-04-25 23:00:00
312,439506.00000000035,3546896.95,3986402.9500000007,-0.00029752128205128123,2021-04-26 00:00:00
313,439506.00000000035,3547638.0999999996,3987144.1,-0.0002966227156549514,2021-04-26 01:00:00
314,439506.00000000035,3546738.35,3986244.3500000006,-0.00029520598726114625,2021-04-26 02:00:00
315,439506.00000000035,3546477.5999999996,3985983.6,-0.0002948400952380944,2021-04-26 03:00:00
316,439506.00000000035,3546294.0,3985800.0000000005,-0.00029407208860759455,2021-04-26 04:00:00
317,439506.00000000035,3546331.3,3985837.3000000003,-0.00029326025236592985,2021-04-26 05:00:00
318,439506.00000000035,3546584.6,3986090.6000000006,-0.00029231459119496793,2021-04-26 06:00:00
319,439506.00000000035,3547899.0500000003,3987405.0500000007,-0.00029123943573667655,2021-04-26 07:00:00
320,439506.00000000035,3548796.65,3988302.6500000004,-0.00028950778124999936,2021-04-26 08:00:00
321,439506.00000000035,3547219.2,3986725.2000000007,-0.0002880466355140181,2021-04-26 09:00:00
322,439506.00000000035,3545571.9,3985077.9000000004,-0.0002881318633540366,2021-04-26 10:00:00
323,439506.00000000035,3544837.7,3984343.7000000007,-0.0002882598142414854,2021-04-26 11:00:00
324,439506.00000000035,3544948.8,3984454.8000000003,-0.0002878233333333326,2021-04-26 12:00:00
325,439506.00000000035,3542887.5500000003,3982393.5500000007,-0.00028686935384615326,2021-04-26 13:00:00
326,439506.00000000035,3543643.55,3983149.5500000003,-0.00028725395705521417,2021-04-26 14:00:00
327,439506.00000000035,3540868.5,3980374.5000000005,-0.00028591311926605477,2021-04-26 15:00:00
328,439506.00000000035,3541906.0,3981412.0000000005,-0.0002867335365853653,2021-04-26 16:00:00
329,439506.00000000035,3541389.95,3980895.9500000007,-0.00028523130699088117,2021-04-26 17:00:00
330,439506.00000000035,3541125.6,3980631.6000000006,-0.0002846797272727267,2021-04-26 18:00:00
331,439506.00000000035,3542022.4000000004,3981528.400000001,-0.0002839793957703921,2021-04-26 19:00:00
332,439506.00000000035,3542385.75,3981891.7500000005,-0.00028258379518072204,2021-04-26 20:00:00
333,439506.00000000035,3542145.25,3981651.2500000005,-0.00028151696696696645,2021-04-26 21:00:00
334,439506.00000000035,3541748.1500000004,3981254.150000001,-0.00028081811377245425,2021-04-26 22:00:00
335,439506.00000000035,3542452.0,3981958.0000000005,-0.00028021692537313333,2021-04-26 23:00:00
336,439506.00000000035,3542529.7,3982035.7000000007,-0.0002789639880952374,2021-04-27 00:00:00
337,439506.00000000035,3542101.0999999996,3981607.1,-0.00027809008902077067,2021-04-27 01:00:00
338,439506.00000000035,3542973.6500000004,3982479.650000001,-0.0002775209467455615,2021-04-27 02:00:00
339,439506.00000000035,3543060.4000000004,3982566.400000001,-0.0002761875221238931,2021-04-27 03:00:00
340,439506.00000000035,3543202.2,3982708.2000000007,-0.00027532417647058746,2021-04-27 04:00:00
341,439506.00000000035,3542950.75,3982456.7500000005,-0.00027443360703812255,2021-04-27 05:00:00
342,439506.00000000035,3542486.0999999996,3981992.1,-0.0002737782163742684,2021-04-27 06:00:00
343,439506.00000000035,3543951.05,3983457.0500000003,-0.00027325096209912476,2021-04-27 07:00:00
344,439506.00000000035,3544855.4,3984361.4000000004,-0.00027160491279069725,2021-04-27 08:00:00
345,439506.00000000035,3542861.1,3982367.1000000006,-0.0002702933913043474,2021-04-27 09:00:00
346,439506.00000000035,3543877.5999999996,3983383.6,-0.0002706649710982655,2021-04-27 10:00:00
347,439506.00000000035,3544964.85,3984470.8500000006,-0.0002692990778097981,2021-04-27 11:00:00
348,439506.00000000035,3542711.1,3982217.1000000006,-0.00026790037356321807,2021-04-27 12:00:00
349,439506.00000000035,3544276.55,3983782.5500000003,-0.00026842429799426887,2021-04-27 13:00:00
350,439506.00000000035,3545608.5,3985114.5000000005,-0.00026676282857142835,2021-04-27 14:00:00
351,439506.00000000035,3545785.5,3985291.5000000005,-0.0002652438746438743,2021-04-27 15:00:00
352,439506.00000000035,3545405.2,3984911.2000000007,-0.00026438977272727227,2021-04-27 16:00:00
353,439506.00000000035,3545707.35,3985213.3500000006,-0.00026385626062322887,2021-04-27 17:00:00
354,439506.00000000035,3546375.0,3985881.0000000005,-0.00026294019774011267,2021-04-27 18:00:00
355,439506.00000000035,3547363.4,3986869.4000000004,-0.0002618233802816897,2021-04-27 19:00:00
356,439506.00000000035,3547205.05,3986711.0500000003,-0.00026053264044943785,2021-04-27 20:00:00
357,439506.00000000035,3547823.9000000004,3987329.900000001,-0.0002598915686274504,2021-04-27 21:00:00
358,439506.00000000035,3547328.65,3986834.6500000004,-0.00025881988826815595,2021-04-27 22:00:00
359,439506.00000000035,3547382.6,3986888.6000000006,-0.00025837484679665685,2021-04-27 23:00:00
360,439506.00000000035,3547907.2,3987413.2000000007,-0.00025762716666666606,2021-04-28 00:00:00
361,439506.00000000035,3548665.7,3988171.7000000007,-0.0002566228808864258,2021-04-28 01:00:00
362,439506.00000000035,3547422.8,3986928.8000000003,-0.0002554949171270714,2021-04-28 02:00:00
363,439506.00000000035,3547493.65,3986999.6500000004,-0.0002554758677685948,2021-04-28 03:00:00
364,439506.00000000035,3546409.3,3985915.3000000003,-0.00025473508241758206,2021-04-28 04:00:00
365,439506.00000000035,3545582.0999999996,3985088.1,-0.00025463134246575287,2021-04-28 05:00:00
366,439506.00000000035,3546208.9,3985714.9000000004,-0.0002543876502732237,2021-04-28 06:00:00
367,439506.00000000035,3546753.8,3986259.8000000003,-0.0002533529155313346,2021-04-28 07:00:00
368,439506.00000000035,3546665.8,3986171.8000000003,-0.00025236831521739065,2021-04-28 08:00:00
369,439506.00000000035,3546074.45,3985580.4500000007,-0.000251732086720867,2021-04-28 09:00:00
370,439506.00000000035,3545318.75,3984824.7500000005,-0.0002513713783783778,2021-04-28 10:00:00
371,439506.00000000035,3542755.95,3982261.9500000007,-0.00025110121293800495,2021-04-28 11:00:00
372,439506.00000000035,3543903.0,3983409.0000000005,-0.0002518040591397842,2021-04-28 12:00:00
373,439506.00000000035,3541744.25,3981250.2500000005,-0.00025051394101876633,2021-04-28 13:00:00
374,439506.00000000035,3543279.15,3982785.1500000004,-0.00025099852941176415,2021-04-28 14:00:00
375,439506.00000000035,3543172.5500000003,3982678.5500000007,-0.00024951058666666624,2021-04-28 15:00:00
376,439506.00000000035,3543117.1999999997,3982623.2,-0.0002489036968085102,2021-04-28 16:00:00
377,439506.00000000035,3542695.75,3982201.7500000005,-0.00024827283819628604,2021-04-28 17:00:00
378,439506.00000000035,3540803.0999999996,3980309.1,-0.0002478390211640207,2021-04-28 18:00:00
379,439506.00000000035,3542431.15,3981937.1500000004,-0.00024818385224274384,2021-04-28 19:00:00
380,439506.00000000035,3541415.5500000003,3980921.5500000007,-0.0002466738684210522,2021-04-28 20:00:00
381,439506.00000000035,3541975.8,3981481.8000000003,-0.0002465595538057736,2021-04-28 21:00:00
382,439506.00000000035,3541879.8,3981385.8000000003,-0.00024562078534031394,2021-04-28 22:00:00
383,439506.00000000035,3541758.55,3981264.5500000003,-0.0002450296083550909,2021-04-28 23:00:00
384,439506.00000000035,3541773.8,3981279.8000000003,-0.000244454661458333,2021-04-29 00:00:00
385,439506.00000000035,3542759.6999999997,3982265.7,-0.00024381179220779155,2021-04-29 01:00:00
386,439506.00000000035,3541661.9000000004,3981167.900000001,-0.00024266932642487006,2021-04-29 02:00:00
387,439506.00000000035,3544078.35,3983584.3500000006,-0.0002426096124031001,2021-04-29 03:00:00
388,439506.00000000035,3543782.3,3983288.3000000003,-0.00024073873711340162,2021-04-29 04:00:00
389,439506.00000000035,3544389.3000000003,3983895.3000000007,-0.0002402720822622103,2021-04-29 05:00:00
390,439506.00000000035,3543843.4000000004,3983349.400000001,-0.0002393447179487173,2021-04-29 06:00:00
391,439506.00000000035,3545018.5999999996,3984524.6,-0.00023901181585677696,2021-04-29 07:00:00
392,439506.00000000035,3544678.45,3984184.4500000007,-0.00023780249999999956,2021-04-29 08:00:00
393,439506.00000000035,3543958.2,3983464.2000000007,-0.0002373705089058517,2021-04-29 09:00:00
394,439506.00000000035,3543218.6,3982724.6000000006,-0.00023713365482233445,2021-04-29 10:00:00
395,439506.00000000035,3542089.75,3981595.7500000005,-0.00023690779746835406,2021-04-29 11:00:00
396,439506.00000000035,3541991.6999999997,3981497.7,-0.0002368796717171714,2021-04-29 12:00:00
397,439506.00000000035,3543096.9,3982602.9000000004,-0.00023633239294710282,2021-04-29 13:00:00
398,439506.00000000035,3545527.85,3985033.8500000006,-0.00023518321608040154,2021-04-29 14:00:00
399,439506.00000000035,3546455.6500000004,3985961.650000001,-0.00023337526315789412,2021-04-29 15:00:00
400,439506.00000000035,3547254.4,3986760.4000000004,-0.0002323279249999993,2021-04-29 16:00:00
401,439506.00000000035,3546106.0,3985612.0000000005,-0.0002313501745635906,2021-04-29 17:00:00
402,439506.00000000035,3545072.1999999997,3984578.2,-0.0002313460199004971,2021-04-29 18:00:00
403,439506.00000000035,3544150.15,3983656.1500000004,-0.0002312850124069477,2021-04-29 19:00:00
404,439506.00000000035,3544173.35,3983679.3500000006,-0.00023116898514851443,2021-04-29 20:00:00
405,439506.00000000035,3543463.8000000003,3982969.8000000007,-0.00023058674074074006,2021-04-29 21:00:00
406,439506.00000000035,3544185.45,3983691.4500000007,-0.00023036832512315222,2021-04-29 22:00:00
407,439506.00000000035,3543822.25,3983328.2500000005,-0.00022944769041768987,2021-04-29 23:00:00
408,439506.00000000035,3544492.3499999996,3983998.35,-0.00022906335784313688,2021-04-30 00:00:00
409,439506.00000000035,3544006.3,3983512.3000000003,-0.00022817562347188236,2021-04-30 01:00:00
410,439506.00000000035,3543824.1,3983330.1000000006,-0.00022785619512195085,2021-04-30 02:00:00
411,439506.00000000035,3543527.75,3983033.7500000005,-0.00022739046228710403,2021-04-30 03:00:00
412,439506.00000000035,3542939.9,3982445.9000000004,-0.0002269824029126209,2021-04-30 04:00:00
413,439506.00000000035,3543296.8,3982802.8000000003,-0.0002267174818401933,2021-04-30 05:00:00
414,439506.00000000035,3542904.7,3982410.7000000007,-0.00022599743961352627,2021-04-30 06:00:00
415,439506.00000000035,3541209.6500000004,3980715.650000001,-0.00022564183132530068,2021-04-30 07:00:00
416,439506.00000000035,3541154.95,3980660.9500000007,-0.000225914350961538,2021-04-30 08:00:00
417,439506.00000000035,3540375.8,3979881.8000000003,-0.00022539882494004756,2021-04-30 09:00:00
418,439506.00000000035,3539473.3499999996,3978979.35,-0.00022523239234449737,2021-04-30 10:00:00
419,439506.00000000035,3541197.15,3980703.1500000004,-0.00022512560859188518,2021-04-30 11:00:00
420,439506.00000000035,3541941.6999999997,3981447.7,-0.00022376873809523768,2021-04-30 12:00:00
421,439506.00000000035,3540471.25,3979977.2500000005,-0.00022288351543942966,2021-04-30 13:00:00
422,439506.00000000035,3539800.4000000004,3979306.400000001,-0.00022305225118483365,2021-04-30 14:00:00
423,439506.00000000035,3541537.0,3981043.0000000005,-0.00022284212765957384,2021-04-30 15:00:00
424,439506.00000000035,3541895.45,3981401.4500000007,-0.0002214974056603769,2021-04-30 16:00:00
425,439506.00000000035,3541309.5,3980815.5000000005,-0.00022080755294117584,2021-04-30 17:00:00
426,439506.00000000035,3539981.0999999996,3979487.1,-0.00022056431924882589,2021-04-30 18:00:00
427,439506.00000000035,3541092.95,3980598.9500000007,-0.00022066997658079596,2021-04-30 19:00:00
428,439506.00000000035,3541543.15,3981049.1500000004,-0.00021963483644859752,2021-04-30 20:00:00
429,439506.00000000035,3540397.25,3979903.2500000005,-0.0002189129836829833,2021-05-02 19:00:00
430,439506.00000000035,3539021.65,3978527.6500000004,-0.00021893686046511602,2021-05-02 21:00:00
431,439506.00000000035,3539722.75,3979228.7500000005,-0.00021906721577726184,2021-05-02 22:00:00
432,439506.00000000035,3540575.4000000004,3980081.400000001,-0.00021823553240740676,2021-05-02 23:00:00
433,439506.00000000035,3540070.4,3979576.4000000004,-0.00021733769053117717,2021-05-03 00:00:00
434,439506.00000000035,3539923.15,3979429.1500000004,-0.00021706963133640516,2021-05-03 01:00:00
435,439506.00000000035,3540582.3499999996,3980088.35,-0.00021663832183908008,2021-05-03 02:00:00
436,439506.00000000035,3539726.5,3979232.5000000005,-0.00021583905963302715,2021-05-03 03:00:00
437,439506.00000000035,3540213.5,3979719.5000000005,-0.0002157368421052625,2021-05-03 04:00:00
438,439506.00000000035,3540366.1,3979872.1000000006,-0.00021502191780821875,2021-05-03 05:00:00
439,439506.00000000035,3540654.0999999996,3980160.1,-0.0002144625968109337,2021-05-03 06:00:00
440,439506.00000000035,3540968.7,3980474.7000000007,-0.0002138442727272725,2021-05-03 07:00:00
441,439506.00000000035,3543201.15,3982707.1500000004,-0.00021321668934240321,2021-05-03 08:00:00
442,439506.00000000035,3545787.6500000004,3985293.650000001,-0.00021172414027149287,2021-05-03 09:00:00
443,439506.00000000035,3544910.4,3984416.4000000004,-0.00021007848758464965,2021-05-03 10:00:00
444,439506.00000000035,3544642.4000000004,3984148.400000001,-0.0002100004954954952,2021-05-03 11:00:00
445,439506.00000000035,3546331.3,3985837.3000000003,-0.0002096490337078646,2021-05-03 12:00:00
446,439506.00000000035,3545942.25,3985448.2500000005,-0.00020842161434977532,2021-05-03 13:00:00
447,439506.00000000035,3546397.9000000004,3985903.900000001,-0.0002081294183445187,2021-05-03 14:00:00
448,439506.00000000035,3545940.3,3985446.3000000003,-0.0002074614285714279,2021-05-03 15:00:00
449,439506.00000000035,3545086.6999999997,3984592.7,-0.0002072032071269484,2021-05-03 16:00:00
450,439506.00000000035,3544415.75,3983921.7500000005,-0.0002071221333333331,2021-05-03 17:00:00
451,439506.00000000035,3543912.7,3983418.7000000007,-0.00020696042128603062,2021-05-03 18:00:00
452,439506.00000000035,3542967.6500000004,3982473.650000001,-0.0002067251327433623,2021-05-03 19:00:00
453,439506.00000000035,3543775.55,3983281.5500000003,-0.0002066860264900658,2021-05-03 20:00:00
454,439506.00000000035,3544934.65,3984440.6500000004,-0.00020587486784140926,2021-05-03 21:00:00
455,439506.00000000035,3544196.3000000003,3983702.3000000007,-0.00020491290109890095,2021-05-03 22:00:00
456,439506.00000000035,3543544.4,3983050.4000000004,-0.00020478736842105208,2021-05-03 23:00:00
457,439506.00000000035,3544212.4,3983718.4000000004,-0.00020462455142231914,2021-05-04 00:00:00
458,439506.00000000035,3544618.25,3984124.2500000005,-0.00020388606986899516,2021-05-04 01:00:00
459,439506.00000000035,3544671.6,3984177.6000000006,-0.00020326503267973817,2021-05-04 02:00:00
460,439506.00000000035,3545154.45,3984660.4500000007,-0.0002027999565217385,2021-05-04 03:00:00
461,439506.00000000035,3545279.8,3984785.8000000003,-0.00020215056399132267,2021-05-04 04:00:00
462,439506.00000000035,3545784.65,3985290.6500000004,-0.00020165874458874438,2021-05-04 05:00:00
463,439506.00000000035,3546907.5,3986413.5000000005,-0.0002010051187904966,2021-05-04 06:00:00
464,439506.00000000035,3546568.1500000004,3986074.150000001,-0.0002000879310344824,2021-05-04 07:00:00
465,439506.00000000035,3546876.55,3986382.5500000003,-0.0001998035913978488,2021-05-04 08:00:00
466,439506.00000000035,3547907.6,3987413.6000000006,-0.0001992424678111585,2021-05-04 09:00:00
467,439506.00000000035,3550666.45,3990172.4500000007,-0.0001983742612419695,2021-05-04 10:00:00
468,439506.00000000035,3549864.4,3989370.4000000004,-0.00019677138888888848,2021-05-04 11:00:00
469,439506.00000000035,3550077.9,3989583.9000000004,-0.0001966938592750529,2021-05-04 12:00:00
470,439506.00000000035,3547911.5999999996,3987417.6,-0.00019618451063829756,2021-05-04 13:00:00
471,439506.00000000035,3545824.2,3985330.2000000007,-0.00019668785562632662,2021-05-04 14:00:00
472,439506.00000000035,3547610.8,3987116.8000000003,-0.0001971556355932197,2021-05-04 15:00:00
473,439506.00000000035,3550523.05,3990029.0500000003,-0.00019598338266384763,2021-05-04 16:00:00
474,439506.00000000035,3551308.4,3990814.4000000004,-0.0001943411181434595,2021-05-04 18:00:00
475,439506.00000000035,3549908.8499999996,3989414.85,-0.00019360130526315753,2021-05-04 19:00:00
476,439506.00000000035,3550563.75,3990069.7500000005,-0.0001937826260504199,2021-05-04 20:00:00
477,439506.00000000035,3548487.6999999997,3987993.7,-0.00019310178197064939,2021-05-04 23:00:00
478,439506.00000000035,3546839.45,3986345.4500000007,-0.0001935664435146441,2021-05-05 00:00:00
479,439506.00000000035,3547394.1999999997,3986900.2,-0.00019385054279749442,2021-05-05 01:00:00
480,439506.00000000035,3546272.6,3985778.6000000006,-0.00019321554166666643,2021-05-05 02:00:00
481,439506.00000000035,3546381.3,3985887.3000000003,-0.00019328020790020757,2021-05-05 03:00:00
482,439506.00000000035,3547084.75,3986590.7500000005,-0.0001928341078838171,2021-05-05 04:00:00
483,439506.00000000035,3547385.0,3986891.0000000005,-0.00019214358178053809,2021-05-05 05:00:00
484,439506.00000000035,3547064.25,3986570.2500000005,-0.00019162252066115662,2021-05-05 06:00:00
485,439506.00000000035,3548704.9000000004,3988210.900000001,-0.00019135969072164917,2021-05-05 07:00:00
486,439506.00000000035,3547645.65,3987151.6500000004,-0.00019029078189300363,2021-05-05 08:00:00
487,439506.00000000035,3546172.15,3985678.1500000004,-0.0001903350513347018,2021-05-05 09:00:00
488,439506.00000000035,3546116.45,3985622.4500000007,-0.00019054891393442593,2021-05-05 10:00:00
489,439506.00000000035,3544745.0,3984251.0000000005,-0.00019018202453987683,2021-05-05 11:00:00
490,439506.00000000035,3543274.5,3982780.5000000005,-0.0001903536734693873,2021-05-05 12:00:00
491,439506.00000000035,3541458.6999999997,3980964.7,-0.0001905649694501013,2021-05-05 13:00:00
492,439506.00000000035,3540206.35,3979712.3500000006,-0.00019091577235772313,2021-05-05 14:00:00
493,439506.00000000035,3539635.6,3979141.6000000006,-0.00019103657200811314,2021-05-05 15:00:00
494,439506.00000000035,3539597.8499999996,3979103.85,-0.0001908809311740887,2021-05-05 16:00:00
495,439506.00000000035,3539591.45,3979097.4500000007,-0.00019051056565656544,2021-05-05 17:00:00
496,439506.00000000035,3539610.75,3979116.7500000005,-0.00019012905241935437,2021-05-05 18:00:00
497,439506.00000000035,3539820.05,3979326.0500000003,-0.0001897387323943658,2021-05-05 19:00:00
498,439506.00000000035,3539152.2,3978658.2000000007,-0.00018927367469879488,2021-05-05 20:00:00
499,439506.00000000035,3538985.2,3978491.2000000007,-0.0001891620440881759,2021-05-05 21:00:00
500,439506.00000000035,3539700.2,3979206.2000000007,-0.00018885051999999948,2021-05-05 22:00:00
501,439506.00000000035,3538885.1999999997,3978391.2,-0.0001881881437125743,2021-05-05 23:00:00
502,439506.00000000035,3539025.0,3978531.0000000005,-0.00018813796812748977,2021-05-06 00:00:00
503,439506.00000000035,3539323.9000000004,3978829.900000001,-0.00018770834990059605,2021-05-06 01:00:00
504,439506.00000000035,3537964.25,3977470.2500000005,-0.0001872173015873011,2021-05-06 02:00:00
505,439506.00000000035,3542291.85,3981797.8500000006,-0.00018738504950495006,2021-05-06 03:00:00
506,439506.00000000035,3541600.6500000004,3981106.650000001,-0.00018530420948616568,2021-05-06 04:00:00
507,439506.00000000035,3541047.0,3980553.0000000005,-0.0001852113806706108,2021-05-06 05:00:00
508,439506.00000000035,3540106.05,3979612.0500000003,-0.00018506476377952726,2021-05-06 06:00:00
509,439506.00000000035,3539518.4,3979024.4000000004,-0.0001850709037328092,2021-05-06 07:00:00
510,439506.00000000035,3540952.9,3980458.9000000004,-0.00018493847058823512,2021-05-06 08:00:00
511,439506.00000000035,3540715.8,3980221.8000000003,-0.00018401510763209358,2021-05-06 09:00:00
512,439506.00000000035,3541227.7,3980733.7000000007,-0.0001837483203124999,2021-05-06 10:00:00
513,439506.00000000035,3538976.45,3978482.4500000007,-0.0001831905653021438,2021-05-06 11:00:00
514,439506.00000000035,3540077.55,3979583.5500000003,-0.00018371013618676997,2021-05-06 12:00:00
515,439506.00000000035,3540806.25,3980312.2500000005,-0.00018292580582524227,2021-05-06 13:00:00
516,439506.00000000035,3539311.35,3978817.3500000006,-0.00018228885658914704,2021-05-06 14:00:00
517,439506.00000000035,3536624.75,3976130.7500000005,-0.00018251456479690488,2021-05-06 15:00:00
518,439506.00000000035,3536112.95,3975618.9500000007,-0.00018319951737451714,2021-05-06 16:00:00
519,439506.00000000035,3535807.4,3975313.4000000004,-0.00018304375722543302,2021-05-06 17:00:00
520,439506.00000000035,3535542.25,3975048.2500000005,-0.0001828092692307689,2021-05-06 18:00:00
521,439506.00000000035,3535653.0,3975159.0000000005,-0.00018256017274472137,2021-05-06 19:00:00
522,439506.00000000035,3534766.6,3974272.6000000006,-0.00018216800766283504,2021-05-06 20:00:00
523,439506.00000000035,3534081.9,3973587.9000000004,-0.0001821586615678771,2021-05-06 21:00:00
524,439506.00000000035,3534883.55,3974389.5500000003,-0.00018207236641221337,2021-05-06 22:00:00
525,439506.00000000035,3534953.1,3974459.1000000006,-0.0001814201714285712,2021-05-06 23:00:00
526,439506.00000000035,3534983.8000000003,3974489.8000000007,-0.00018104882129277533,2021-05-07 00:00:00
527,439506.00000000035,3535722.5,3975228.5000000005,-0.00018069362428842472,2021-05-07 01:00:00
528,439506.00000000035,3534823.5999999996,3974329.6,-0.00018007159090909048,2021-05-07 02:00:00
529,439506.00000000035,3536197.7,3975703.7000000007,-0.00018007103969754223,2021-05-07 03:00:00
530,439506.00000000035,3536707.5999999996,3976213.6,-0.0001792127547169806,2021-05-07 04:00:00
531,439506.00000000035,3536603.4,3976109.4000000004,-0.00017868320150659113,2021-05-07 05:00:00
532,439506.00000000035,3535211.25,3974717.2500000005,-0.00017838650375939831,2021-05-07 06:00:00
533,439506.00000000035,3537697.1500000004,3977203.150000001,-0.00017857420262664138,2021-05-07 07:00:00
534,439506.00000000035,3541304.5999999996,3980810.6,-0.0001773087453183516,2021-05-07 08:00:00
535,439506.00000000035,3540109.85,3979615.8500000006,-0.00017562874766355115,2021-05-07 09:00:00
536,439506.00000000035,3540136.25,3979642.2500000005,-0.0001757468843283579,2021-05-07 10:00:00
537,439506.00000000035,3540824.45,3980330.4500000007,-0.00017540977653631253,2021-05-07 11:00:00
538,439506.00000000035,3539165.55,3978671.5500000003,-0.00017482789962825238,2021-05-07 12:00:00
539,439506.00000000035,3537359.4,3976865.4000000004,-0.0001751190909090905,2021-05-07 13:00:00
540,439506.00000000035,3537798.8,3977304.8000000003,-0.00017546374074074034,2021-05-07 14:00:00
541,439506.00000000035,3537388.6500000004,3976894.650000001,-0.00017497696857670953,2021-05-07 15:00:00
542,439506.00000000035,3536005.45,3975511.4500000007,-0.0001748054797047965,2021-05-07 16:00:00
543,439506.00000000035,3537074.0,3976580.0000000005,-0.00017499302025782642,2021-05-07 17:00:00
544,439506.00000000035,3537989.0,3977495.0000000005,-0.0001742784926470585,2021-05-07 18:00:00
545,439506.00000000035,3537703.4,3977209.4000000004,-0.00017362293577981612,2021-05-07 19:00:00
546,439506.00000000035,3538287.5,3977793.5000000005,-0.00017340956043956029,2021-05-07 20:00:00
547,439506.00000000035,3537041.5,3976547.5000000005,-0.00017287897623400326,2021-05-09 19:00:00
548,439506.00000000035,3537369.4,3976875.4000000004,-0.000173018248175182,2021-05-09 20:00:00
549,439506.00000000035,3538139.1500000004,3977645.150000001,-0.00017258364298724924,2021-05-09 21:00:00
550,439506.00000000035,3538623.45,3978129.4500000007,-0.00017198994545454503,2021-05-09 22:00:00
551,439506.00000000035,3540002.3,3979508.3000000003,-0.00017150201451905588,2021-05-09 23:00:00
552,439506.00000000035,3539822.45,3979328.4500000007,-0.0001706917391304346,2021-05-10 00:00:00
553,439506.00000000035,3540472.5,3979978.5000000005,-0.000170448119349005,2021-05-10 01:00:00
554,439506.00000000035,3541110.5999999996,3980616.6,-0.00016990577617328478,2021-05-10 02:00:00
555,439506.00000000035,3540644.95,3980150.9500000007,-0.00016936969369369368,2021-05-10 03:00:00
556,439506.00000000035,3540658.75,3980164.7500000005,-0.0001692325719424458,2021-05-10 04:00:00
557,439506.00000000035,3540671.3000000003,3980177.3000000007,-0.0001689237881508075,2021-05-10 05:00:00
558,439506.00000000035,3541745.6,3981251.6000000006,-0.00016861655913978462,2021-05-10 06:00:00
559,439506.00000000035,3542025.05,3981531.0500000003,-0.00016793055456171697,2021-05-10 07:00:00
560,439506.00000000035,3543963.3,3983469.3000000003,-0.0001675308749999997,2021-05-10 08:00:00
561,439506.00000000035,3543972.2,3983478.2000000007,-0.00016654124777183577,2021-05-10 09:00:00
562,439506.00000000035,3543780.2,3983286.2000000007,-0.00016624174377224165,2021-05-10 10:00:00
563,439506.00000000035,3543275.0500000003,3982781.0500000007,-0.0001660146714031968,2021-05-10 11:00:00
564,439506.00000000035,3543731.6,3983237.6000000006,-0.00016589945035460968,2021-05-10 12:00:00
565,439506.00000000035,3546616.45,3986122.4500000007,-0.00016544421238938017,2021-05-10 13:00:00
566,439506.00000000035,3546080.7,3985586.7000000007,-0.0001641325265017664,2021-05-10 14:00:00
567,439506.00000000035,3546528.3,3986034.3000000003,-0.0001640320282186946,2021-05-10 15:00:00
568,439506.00000000035,3546257.4,3985763.4000000004,-0.0001635856338028167,2021-05-10 16:00:00
569,439506.00000000035,3547624.8499999996,3987130.85,-0.00016339335676625623,2021-05-10 17:00:00
570,439506.00000000035,3548087.1,3987593.1000000006,-0.00016262689473684174,2021-05-10 18:00:00
571,439506.00000000035,3549516.25,3989022.2500000005,-0.0001621801751313481,2021-05-10 19:00:00
572,439506.00000000035,3549544.75,3989050.7500000005,-0.0001613969405594403,2021-05-10 20:00:00
573,439506.00000000035,3546779.25,3986285.2500000005,-0.0001611053228621289,2021-05-10 21:00:00
574,439506.00000000035,3549273.35,3988779.3500000006,-0.00016178824041811817,2021-05-10 22:00:00
575,439506.00000000035,3549022.8000000003,3988528.8000000007,-0.0001606393565217388,2021-05-10 23:00:00
576,439506.00000000035,3549025.4,3988531.4000000004,-0.00016044746527777744,2021-05-11 00:00:00
577,439506.00000000035,3549665.55,3989171.5500000003,-0.0001601684922010396,2021-05-11 01:00:00
578,439506.00000000035,3548793.0,3988299.0000000005,-0.00015966987889273323,2021-05-11 02:00:00
579,439506.00000000035,3548934.55,3988440.5500000003,-0.0001596955094991361,2021-05-11 03:00:00
580,439506.00000000035,3549163.3,3988669.3000000003,-0.00015937136206896533,2021-05-11 04:00:00
581,439506.00000000035,3550283.8499999996,3989789.85,-0.00015901831325301194,2021-05-11 05:00:00
582,439506.00000000035,3548388.4,3987894.4000000004,-0.00015836001718213047,2021-05-11 06:00:00
583,439506.00000000035,3549210.2,3988716.2000000007,-0.0001587386277873068,2021-05-11 07:00:00
584,439506.00000000035,3552527.15,3992033.1500000004,-0.00015818537671232838,2021-05-11 08:00:00
585,439506.00000000035,3551264.95,3990770.9500000007,-0.0001567809743589741,2021-05-11 09:00:00
586,439506.00000000035,3551038.95,3990544.9500000007,-0.0001569442150170646,2021-05-11 10:00:00
587,439506.00000000035,3550558.6999999997,3990064.7,-0.00015675385008517858,2021-05-11 11:00:00
588,439506.00000000035,3552000.05,3991506.0500000003,-0.0001566506122448977,2021-05-11 12:00:00
589,439506.00000000035,3555173.7,3994679.7000000007,-0.00015589522920203693,2021-05-11 13:00:00
590,439506.00000000035,3552665.15,3992171.1500000004,-0.0001545551864406777,2021-05-11 14:00:00
591,439506.00000000035,3554316.7,3993822.7000000007,-0.00015514258883248701,2021-05-11 15:00:00
592,439506.00000000035,3553592.1999999997,3993098.2,-0.00015432256756756717,2021-05-11 16:00:00
593,439506.00000000035,3556214.2,3995720.2000000007,-0.0001543066779089374,2021-05-11 17:00:00
594,439506.00000000035,3555426.7,3994932.7000000007,-0.00015316407407407352,2021-05-11 18:00:00
595,439506.00000000035,3555150.9000000004,3994656.900000001,-0.00015317136134453734,2021-05-11 19:00:00
596,439506.00000000035,3553714.0,3993220.0000000005,-0.00015300691275167745,2021-05-11 20:00:00
597,439506.00000000035,3552649.0500000003,3992155.0500000007,-0.00015323199329983202,2021-05-11 21:00:00
598,439506.00000000035,3552087.95,3991593.9500000007,-0.00015333192307692272,2021-05-11 22:00:00
599,439506.00000000035,3554178.3499999996,3993684.35,-0.00015326328881469061,2021-05-11 23:00:00
600,439506.00000000035,3554002.4,3993508.4000000004,-0.00015231104999999985,2021-05-12 00:00:00
601,439506.00000000035,3554780.3000000003,3994286.3000000007,-0.00015211617304492493,2021-05-12 01:00:00
602,439506.00000000035,3555529.1,3995035.1000000006,-0.00015160504983388658,2021-05-12 02:00:00
603,439506.00000000035,3555155.25,3994661.2500000005,-0.00015110527363184034,2021-05-12 03:00:00
604,439506.00000000035,3556922.3,3996428.3000000003,-0.00015097889072847637,2021-05-12 04:00:00
605,439506.00000000035,3557511.85,3997017.8500000006,-0.00015014519008264436,2021-05-12 05:00:00
606,439506.00000000035,3558213.8499999996,3997719.85,-0.0001497028547854782,2021-05-12 06:00:00
607,439506.00000000035,3558050.95,3997556.9500000007,-0.00014922492586490934,2021-05-12 07:00:00
608,439506.00000000035,3557953.5999999996,3997459.6,-0.0001490330756578944,2021-05-12 08:00:00
609,439506.00000000035,3559596.15,3999102.1500000004,-0.00014882032840722467,2021-05-12 09:00:00
610,439506.00000000035,3558027.05,3997533.0500000003,-0.00014803781967213085,2021-05-12 10:00:00
611,439506.00000000035,3558233.25,3997739.2500000005,-0.00014830914893617012,2021-05-12 11:00:00
612,439506.00000000035,3556873.9000000004,3996379.900000001,-0.00014799942810457482,2021-05-12 12:00:00
613,439506.00000000035,3558764.15,3998270.1500000004,-0.00014820150081566025,2021-05-12 13:00:00
614,439506.00000000035,3560268.0999999996,3999774.1,-0.0001473444136807815,2021-05-12 14:00:00
615,439506.00000000035,3563406.6,4002912.6000000006,-0.0001466157398373982,2021-05-12 15:00:00
616,439506.00000000035,3563752.65,4003258.6500000004,-0.0001453587337662334,2021-05-12 16:00:00
617,439506.00000000035,3562469.25,4001975.2500000005,-0.00014501097244732551,2021-05-12 17:00:00
618,439506.00000000035,3562390.65,4001896.6500000004,-0.00014519166666666642,2021-05-12 18:00:00
619,439506.00000000035,3562017.75,4001523.7500000005,-0.00014498250403877186,2021-05-12 19:00:00
620,439506.00000000035,3563131.0,4002637.0000000005,-0.00014486895161290277,2021-05-12 20:00:00
621,439506.00000000035,3562593.6999999997,4002099.7,-0.0001442771336553943,2021-05-12 21:00:00
622,439506.00000000035,3561952.65,4001458.6500000004,-0.00014421794212218615,2021-05-12 22:00:00
623,439506.00000000035,3562248.8499999996,4001754.85,-0.00014419224719101084,2021-05-12 23:00:00
624,439506.00000000035,3562708.05,4002214.0500000003,-0.0001438662339743589,2021-05-13 00:00:00
625,439506.00000000035,3562409.7,4001915.7000000007,-0.00014348910399999965,2021-05-13 01:00:00
626,439506.00000000035,3561707.4,4001213.4000000004,-0.00014335520766773122,2021-05-13 02:00:00
627,439506.00000000035,3561793.1500000004,4001299.150000001,-0.0001433505901116425,2021-05-13 03:00:00
628,439506.00000000035,3561971.9,4001477.9000000004,-0.00014309501592356646,2021-05-13 04:00:00
629,439506.00000000035,3562530.75,4002036.7500000005,-0.00014281068362480102,2021-05-13 05:00:00
630,439506.00000000035,3563573.1,4003079.1000000006,-0.00014240658730158695,2021-05-13 06:00:00
631,439506.00000000035,3561635.05,4001141.0500000003,-0.00014185052297939756,2021-05-13 07:00:00
632,439506.00000000035,3564689.3,4004195.3000000003,-0.00014223938291139216,2021-05-13 08:00:00
633,439506.00000000035,3560279.3,3999785.3000000003,-0.00014104966824644518,2021-05-13 09:00:00
634,439506.00000000035,3560524.95,4000030.9500000007,-0.00014221835962145086,2021-05-13 10:00:00
635,439506.00000000035,3562057.1,4001563.1000000006,-0.0001419170236220469,2021-05-13 11:00:00
636,439506.00000000035,3561445.55,4000951.5500000003,-0.0001412120754716978,2021-05-13 12:00:00
637,439506.00000000035,3559313.6500000004,3998819.650000001,-0.0001411824018838301,2021-05-13 13:00:00
638,439506.00000000035,3557483.45,3996989.4500000007,-0.00014162942006269548,2021-05-13 14:00:00
639,439506.00000000035,3556054.5,3995560.5000000005,-0.00014198061032863818,2021-05-13 15:00:00
640,439506.00000000035,3555690.0500000003,3995196.0500000007,-0.0001422053124999996,2021-05-13 16:00:00
641,439506.00000000035,3555583.1,3995089.1000000006,-0.00014209717628705125,2021-05-13 17:00:00
642,439506.00000000035,3555326.45,3994832.4500000007,-0.00014190915887850444,2021-05-13 18:00:00
643,439506.00000000035,3555782.0500000003,3995288.0500000007,-0.00014176828926905095,2021-05-13 19:00:00
644,439506.00000000035,3556407.5,3995913.5000000005,-0.00014140666149068285,2021-05-13 20:00:00
645,439506.00000000035,3556449.2,3995955.2000000007,-0.00014099348837209275,2021-05-13 21:00:00
646,439506.00000000035,3556448.85,3995954.8500000006,-0.0001407623219814238,2021-05-13 22:00:00
647,439506.00000000035,3556157.5,3995663.5000000005,-0.00014054486862442007,2021-05-13 23:00:00
648,439506.00000000035,3556728.75,3996234.7500000005,-0.00014041790123456763,2021-05-14 00:00:00
649,439506.00000000035,3557203.5,3996709.5000000005,-0.00014002550077041578,2021-05-14 01:00:00
650,439506.00000000035,3557168.6,3996674.6000000006,-0.00013966399999999985,2021-05-14 02:00:00
651,439506.00000000035,3556842.3499999996,3996348.35,-0.00013946018433179708,2021-05-14 03:00:00
652,439506.00000000035,3557681.3,3997187.3000000003,-0.00013934636503067454,2021-05-14 04:00:00
653,439506.00000000035,3556814.55,3996320.5500000003,-0.00013887601837672252,2021-05-14 05:00:00
654,439506.00000000035,3556967.15,3996473.1500000004,-0.00013892873088684995,2021-05-14 06:00:00
655,439506.00000000035,3556307.05,3995813.0500000003,-0.0001386700305343509,2021-05-14 07:00:00
656,439506.00000000035,3557060.6,3996566.6000000006,-0.0001386598932926827,2021-05-14 08:00:00
657,439506.00000000035,3555211.65,3994717.6500000004,-0.00013821945205479429,2021-05-14 09:00:00
658,439506.00000000035,3555805.45,3995311.4500000007,-0.00013857138297872324,2021-05-14 10:00:00
659,439506.00000000035,3556325.8,3995831.8000000003,-0.00013818089529590255,2021-05-14 11:00:00
660,439506.00000000035,3554569.45,3994075.4500000007,-0.0001378138484848483,2021-05-14 12:00:00
661,439506.00000000035,3554497.65,3994003.6500000004,-0.00013813677760968196,2021-05-14 13:00:00
662,439506.00000000035,3553622.15,3993128.1500000004,-0.0001379498036253773,2021-05-14 14:00:00
663,439506.00000000035,3553195.95,3992701.9500000007,-0.0001380058371040722,2021-05-14 15:00:00
664,439506.00000000035,3552786.0,3992292.0000000005,-0.00013792637048192733,2021-05-14 16:00:00
665,439506.00000000035,3553173.4000000004,3992679.400000001,-0.00013784225563909748,2021-05-14 17:00:00
666,439506.00000000035,3552690.0,3992196.0000000005,-0.00013751894894894858,2021-05-14 18:00:00
667,439506.00000000035,3552698.15,3992204.1500000004,-0.00013745772113943003,2021-05-14 19:00:00
668,439506.00000000035,3552463.7,3991969.7000000007,-0.00013724950598802374,2021-05-14 20:00:00
669,439506.00000000035,3552758.35,3992264.3500000006,-0.00013711443946188323,2021-05-16 19:00:00
670,439506.00000000035,3553400.0500000003,3992906.0500000007,-0.00013682183582089516,2021-05-16 20:00:00
671,439506.00000000035,3554406.85,3993912.8500000006,-0.0001364266616989565,2021-05-16 21:00:00
672,439506.00000000035,3552385.7,3991891.7000000007,-0.00013592400297619012,2021-05-16 22:00:00
673,439506.00000000035,3552979.65,3992485.6500000004,-0.00013632267459138153,2021-05-16 23:00:00
674,439506.00000000035,3553612.9000000004,3993118.900000001,-0.00013594416913946566,2021-05-17 00:00:00
675,439506.00000000035,3553696.3,3993202.3000000003,-0.00013555514074074034,2021-05-17 01:00:00
676,439506.00000000035,3554402.2,3993908.2000000007,-0.00013532994082840214,2021-05-17 02:00:00
677,439506.00000000035,3555129.95,3994635.9500000007,-0.00013492150664697161,2021-05-17 03:00:00
678,439506.00000000035,3555939.25,3995445.2500000005,-0.00013450783185840683,2021-05-17 04:00:00
679,439506.00000000035,3555917.9000000004,3995423.900000001,-0.0001340713549337259,2021-05-17 05:00:00
680,439506.00000000035,3555499.8,3995005.8000000003,-0.00013388047058823484,2021-05-17 06:00:00
681,439506.00000000035,3556240.3,3995746.3000000003,-0.00013380666666666646,2021-05-17 07:00:00
682,439506.00000000035,3557766.1,3997272.1000000006,-0.000133393313782991,2021-05-17 08:00:00
683,439506.00000000035,3558343.5,3997849.5000000005,-0.00013275121522693975,2021-05-17 09:00:00
684,439506.00000000035,3558231.75,3997737.7500000005,-0.0001323883040935671,2021-05-17 10:00:00
685,439506.00000000035,3559906.3000000003,3999412.3000000007,-0.00013222766423357643,2021-05-17 11:00:00
686,439506.00000000035,3560412.4,3999918.4000000004,-0.00013154670553935826,2021-05-17 12:00:00
687,439506.00000000035,3561396.1500000004,4000902.150000001,-0.00013120788937409005,2021-05-17 13:00:00
688,439506.00000000035,3559419.6999999997,3998925.7,-0.00013073120639534838,2021-05-17 14:00:00
689,439506.00000000035,3560016.25,3999522.2500000005,-0.000131115181422351,2021-05-17 15:00:00
690,439506.00000000035,3560874.6999999997,4000380.7,-0.00013075224637681138,2021-05-17 16:00:00
691,439506.00000000035,3561266.1,4000772.1000000006,-0.00013031455861070899,2021-05-17 17:00:00
692,439506.00000000035,3562187.9499999997,4001693.95,-0.00013001312138728296,2021-05-17 18:00:00
693,439506.00000000035,3562865.3,4002371.3000000003,-0.00012955946608946592,2021-05-17 19:00:00
694,439506.00000000035,3562560.05,4002066.0500000003,-0.00012917757925072024,2021-05-17 20:00:00
695,439506.00000000035,3563617.55,4003123.5500000003,-0.00012907955395683433,2021-05-17 21:00:00
696,439506.00000000035,3562617.85,4002123.8500000006,-0.00012859021551724114,2021-05-17 22:00:00
697,439506.00000000035,3563179.2,4002685.2000000007,-0.0001286925824964128,2021-05-17 23:00:00
698,439506.00000000035,3563388.8499999996,4002894.85,-0.00012834736389684772,2021-05-18 00:00:00
699,439506.00000000035,3563021.0500000003,4002527.0500000007,-0.00012810376251788262,2021-05-18 01:00:00
700,439506.00000000035,3562234.0,4001740.0000000005,-0.00012802584285714251,2021-05-18 02:00:00
701,439506.00000000035,3561859.3499999996,4001365.35,-0.00012806776034236775,2021-05-18 03:00:00
702,439506.00000000035,3562101.25,4001607.2500000005,-0.0001279920655270654,2021-05-18 04:00:00
703,439506.00000000035,3562044.05,4001550.0500000003,-0.00012774118065433834,2021-05-18 05:00:00
704,439506.00000000035,3561840.4,4001346.4000000004,-0.0001275759801136361,2021-05-18 06:00:00
705,439506.00000000035,3560055.5999999996,3999561.6,-0.00012745279432624094,2021-05-18 07:00:00
706,439506.00000000035,3561626.95,4001132.9500000007,-0.00012777787535410757,2021-05-18 08:00:00
707,439506.00000000035,3563131.9,4002637.9000000004,-0.0001271526308345117,2021-05-18 09:00:00
708,439506.00000000035,3562894.1,4002400.1000000006,-0.00012654790960451952,2021-05-18 10:00:00
709,439506.00000000035,3561711.4,4001217.4000000004,-0.00012643650211565554,2021-05-18 11:00:00
710,439506.00000000035,3561886.7,4001392.7000000007,-0.0001265915774647885,2021-05-18 12:00:00
711,439506.00000000035,3560606.8499999996,4000112.85,-0.00012636421940928234,2021-05-18 13:00:00
712,439506.00000000035,3561915.7,4001421.7000000007,-0.00012654624999999995,2021-05-18 14:00:00
713,439506.00000000035,3564281.85,4003787.8500000006,-0.00012600162692847099,2021-05-18 15:00:00
714,439506.00000000035,3563399.8499999996,4002905.85,-0.00012516236694677844,2021-05-18 16:00:00
715,439506.00000000035,3563061.9,4002567.9000000004,-0.00012523402797202783,2021-05-18 17:00:00
716,439506.00000000035,3562238.5,4001744.5000000005,-0.00012515351955307233,2021-05-18 18:00:00
717,439506.00000000035,3562086.25,4001592.2500000005,-0.00012520864714086447,2021-05-18 19:00:00
718,439506.00000000035,3563418.95,4002924.9500000007,-0.00012507667130919197,2021-05-18 20:00:00
719,439506.00000000035,3562668.55,4002174.5500000003,-0.0001245320027816409,2021-05-18 21:00:00
720,439506.00000000035,3563234.3000000003,4002740.3000000007,-0.0001245674861111109,2021-05-18 22:00:00
721,439506.00000000035,3563744.95,4003250.9500000007,-0.0001242377808599164,2021-05-18 23:00:00
722,439506.00000000035,3564461.1500000004,4003967.150000001,-0.00012392425207756206,2021-05-19 00:00:00
723,439506.00000000035,3564334.35,4003840.3500000006,-0.00012355473029045601,2021-05-19 01:00:00
724,439506.00000000035,3565063.7,4004569.7000000007,-0.00012341910220994447,2021-05-19 02:00:00
725,439506.00000000035,3565884.2,4005390.2000000007,-0.00012304766896551698,2021-05-19 03:00:00
726,439506.00000000035,3564980.95,4004486.9500000007,-0.00012265214876033015,2021-05-19 04:00:00
727,439506.00000000035,3565871.6500000004,4005377.650000001,-0.00012273192572214553,2021-05-19 05:00:00
728,439506.00000000035,3566714.0,4006220.0000000005,-0.00012231864010988977,2021-05-19 06:00:00
729,439506.00000000035,3567353.75,4006859.7500000005,-0.00012191975308641945,2021-05-19 07:00:00
730,439506.00000000035,3569331.1,4008837.1000000006,-0.00012157746575342437,2021-05-19 08:00:00
731,439506.00000000035,3571633.25,4011139.2500000005,-0.00012087015047879594,2021-05-19 09:00:00
732,439506.00000000035,3572276.25,4011782.2500000005,-0.00012007602459016363,2021-05-19 10:00:00
733,439506.00000000035,3570976.05,4010482.0500000003,-0.00011973676671214167,2021-05-19 11:00:00
734,439506.00000000035,3571638.3,4011144.3000000003,-0.00011992791553133497,2021-05-19 12:00:00
735,439506.00000000035,3573504.0,4013010.0000000005,-0.00011958454421768696,2021-05-19 13:00:00
736,439506.00000000035,3572782.4,4012288.4000000004,-0.00011891508152173887,2021-05-19 14:00:00
737,439506.00000000035,3571637.0,4011143.0000000005,-0.00011894955223880567,2021-05-19 15:00:00
738,439506.00000000035,3572777.8,4012283.8000000003,-0.00011909878048780457,2021-05-19 16:00:00
739,439506.00000000035,3570165.45,4009671.4500000007,-0.00011862887686062227,2021-05-19 17:00:00
740,439506.00000000035,3570695.95,4010201.9500000007,-0.00011917460810810769,2021-05-19 18:00:00
741,439506.00000000035,3571948.6,4011454.6000000006,-0.00011887059379217246,2021-05-19 19:00:00
742,439506.00000000035,3571141.85,4010647.8500000006,-0.00011837274932614532,2021-05-19 20:00:00
743,439506.00000000035,3570391.45,4009897.4500000007,-0.00011843059219380859,2021-05-19 21:00:00
744,439506.00000000035,3570129.95,4009635.9500000007,-0.00011847313172042988,2021-05-19 22:00:00
745,439506.00000000035,3570807.4,4010313.4000000004,-0.00011838430872483199,2021-05-19 23:00:00
746,439506.00000000035,3571119.95,4010625.9500000007,-0.00011804399463806947,2021-05-20 00:00:00
747,439506.00000000035,3571204.1,4010710.1000000006,-0.00011780228915662624,2021-05-20 01:00:00
748,439506.00000000035,3570790.1,4010296.1000000006,-0.00011762229946524028,2021-05-20 02:00:00
749,439506.00000000035,3570678.3,4010184.3000000003,-0.0001175758077436579,2021-05-20 03:00:00
750,439506.00000000035,3569972.3,4009478.3000000003,-0.00011744885333333317,2021-05-20 04:00:00
751,439506.00000000035,3568866.8,4008372.8000000003,-0.00011748047936085198,2021-05-20 05:00:00
752,439506.00000000035,3568917.6500000004,4008423.650000001,-0.00011761827127659549,2021-05-20 06:00:00
753,439506.00000000035,3569363.4,4008869.4000000004,-0.0001174485657370515,2021-05-20 07:00:00
754,439506.00000000035,3567306.75,4006812.7500000005,-0.00011717456233421739,2021-05-20 08:00:00
755,439506.00000000035,3568217.1500000004,4007723.150000001,-0.00011756417218543025,2021-05-20 09:00:00
756,439506.00000000035,3569040.9,4008546.9000000004,-0.00011716781746031714,2021-05-20 10:00:00
757,439506.00000000035,3568764.2,4008270.2000000007,-0.00011679540290620862,2021-05-20 11:00:00
758,439506.00000000035,3568174.45,4007680.4500000007,-0.00011671432717678071,2021-05-20 12:00:00
759,439506.00000000035,3568164.8499999996,4007670.85,-0.00011671595520421582,2021-05-20 13:00:00
760,439506.00000000035,3565765.05,4005271.0500000003,-0.00011656490789473658,2021-05-20 14:00:00
761,439506.00000000035,3568084.9000000004,4007590.900000001,-0.00011704243101182635,2021-05-20 15:00:00
762,439506.00000000035,3568675.0999999996,4008181.1,-0.00011627994750656137,2021-05-20 16:00:00
763,439506.00000000035,3570276.8,4009782.8000000003,-0.00011597284403669718,2021-05-20 17:00:00
764,439506.00000000035,3570425.5999999996,4009931.6,-0.00011540175392670132,2021-05-20 18:00:00
765,439506.00000000035,3570655.2,4010161.2000000007,-0.0001152119999999999,2021-05-20 19:00:00
766,439506.00000000035,3570172.5,4009678.5000000005,-0.00011500164490861591,2021-05-20 20:00:00
767,439506.00000000035,3570459.35,4009965.3500000006,-0.00011497757496740524,2021-05-20 21:00:00
768,439506.00000000035,3571028.0500000003,4010534.0500000007,-0.00011475316406249984,2021-05-20 22:00:00
769,439506.00000000035,3570678.25,4010184.2500000005,-0.00011445603381014262,2021-05-20 23:00:00
770,439506.00000000035,3570586.6500000004,4010092.650000001,-0.00011439824675324652,2021-05-21 00:00:00
771,439506.00000000035,3571706.6500000004,4011212.650000001,-0.00011427363164721107,2021-05-21 01:00:00
772,439506.00000000035,3571690.2,4011196.2000000007,-0.00011383545336787529,2021-05-21 02:00:00
773,439506.00000000035,3571867.25,4011373.2500000005,-0.00011369244501940469,2021-05-21 03:00:00
774,439506.00000000035,3571572.0,4011078.0000000005,-0.00011349980620155021,2021-05-21 04:00:00
